word,writing_time,log_prob
The,0.717,-0.1256103515625
lunch,1.684,-0.265869140625
spot,0.486,-1.7470703125
is,0.339,-2.669921875
full,0.723,-0.00681304931640625
of,0.665,0.0
"people,",1.197,-0.11602783203125
some,1.171,-0.023162841796875
in,0.344,0.0
a,0.165,-0.0009760856628417969
"hurry,",1.973,-4.84375
some,0.406,-0.0670166015625
"not,",1.179,-4.0078125
talking,3.32,-2.58203125
and,0.429,-0.377685546875
grabbing,2.004,-3.07421875
food.,2.428,-20.015625
The,0.745,-0.002925872802734375
atmosphere,1.805,-6.19921875
is,0.17,-0.1759033203125
"quite,",2.183,-16.515625
sun,0.917,-5.11328125
is,1.034,-0.10382080078125
"rising,",1.975,-4.40625
and,12.505,-0.0706787109375
the,0.237,-0.037384033203125
birds,0.547,-0.85107421875
singing,2.917,-0.403564453125
is,0.725,-1.2451171875
the,0.243,-0.017425537109375
only,0.487,-0.09228515625
sound.,6.259,-14.8515625
There,1.883,-0.007781982421875
is,0.456,-0.007781982421875
a,0.381,-0.08062744140625
specific,1.67,-9.1484375
noise,0.933,-9.171875
and,0.53,-0.2486572265625
smell,2.316,-0.43115234375
of,0.238,-0.178466796875
"chlorine,",4.404,-14.3125
water,2.404,-0.218505859375
is,0.788,-0.0439453125
splashing,1.521,-4.86328125
and,1.135,-0.310546875
people,4.425,-0.2939453125
are,0.335,-0.0183868408203125
cheering.,1.203,-11.84375
The,0.475,-0.01165008544921875
lodge,1.254,-8.9296875
is,0.25,-0.0743408203125
"warm,",1.832,-2.765625
the,1.011,-0.0009760856628417969
sound,0.675,-2.6171875
of,0.378,-0.00681304931640625
fire,0.389,-2.576171875
burning,1.61,-1.7177734375
is,1.003,-0.2432861328125
nice,0.56,-4.890625
and,2.834,-0.66357421875
the,1.991,-0.0097198486328125
wind,0.578,-2.21484375
outside,1.553,-3.095703125
makes,1.738,-0.089599609375
the,0.379,-0.185791015625
atmoshpere,2.739,-17.15625
more,3.311,-6.65625
calmin.,3.504,-18.328125
There,0.577,-0.0009760856628417969
is,1.223,-0.08245849609375
a,0.092,-0.12127685546875
calmness,1.428,-6.734375
and,0.623,-0.3818359375
mistery,1.322,-12.875
in,0.626,-0.303466796875
the,0.294,-0.0009760856628417969
"air,",1.389,-5.328125
gravestones,11.609,-8.3828125
are,0.459,-1.818359375
covered,4.593,-2.029296875
by,3.831,-2.44140625
the,0.401,-5.3828125
leaves.,0.869,-11.203125
The,0.227,
bridal,1.187,
shop,1.681,
is,0.341,
"busy,",0.986,
with,0.435,
brides,2.595,
trying,1.11,
"dresses,",1.54,
and,1.06,
workers,2.028,
running,0.963,
around,0.85,
trying,1.222,
to,0.15,
help,0.487,
customers.,1.169,
There,1.775,
are,0.289,
kids,2.852,
laughing,3.488,
and,0.457,
yelling,5.099,
with,0.46,
parents,1.083,
on,0.216,
the,0.376,
sides,0.553,
wathcingwatching,6.405,
them,0.434,
The,0.27,
train,0.844,
is,0.197,
"packed,",0.868,
bags,1.225,
are,0.581,
"everywhere,",5.39,
people,1.009,
sitting,1.492,
close,0.818,
to,0.125,
each,0.574,
other,0.505,
and,0.366,
watching,2.701,
in,1.433,
their,0.456,
phones.,0.93,
The,1.775,
view,1.059,
is,0.203,
full,0.434,
of,0.178,
"green,",1.762,
there,3.297,
are,1.456,
statues,1.744,
covered,2.289,
by,4.558,
"flowers,",1.044,
and,0.336,
trees,0.792,
by,0.41,
the,0.239,
sides.,1.185,
Artists,1.204,
are,0.352,
doing,0.826,
their,0.613,
"work,",1.702,
with,0.505,
a,0.095,
buzzing,11.879,
sound,0.494,
of,0.289,
their,0.938,
tatoo,1.275,
machines,0.845,
being,1.032,
the,0.33,
main,0.532,
sound.,1.402,
It,0.409,
looks,1.033,
like,0.381,
the,0.311,
mural,1.11,
is,0.578,
growing,1.229,
or,0.192,
evolving,1.299,
as,0.243,
the,0.707,
people,1.618,
continue,1.392,
painting,1.144,
it.,1.206,
There,0.593,
are,0.39,
plenty,0.777,
of,0.215,
students,1.147,
in,0.29,
their,2.842,
specific,1.208,
"gowns,",1.03,
parents,5.949,
and,0.425,
"teacher,",1.97,
all,0.337,
looking,1.37,
happy.,1.22,
The,0.696,
park,1.634,
is,0.224,
"quite,",0.967,
with,0.728,
joggers,2.055,
running,1.114,
on,1.089,
alleys,0.862,
being,2.401,
the,0.288,
only,0.521,
ones,0.793,
to,0.357,
disturb,1.57,
the,0.385,
peace,2.436,
as,0.185,
sun,0.483,
is,0.957,
rising,1.106,
slowly.,1.301,
There,0.866,
is,0.288,
a,0.124,
big,0.869,
table,0.85,
were,1.617,
all,0.73,
the,1.357,
members,1.238,
are,0.55,
"gathered,",2.79,
they,0.554,
are,0.36,
talking,1.561,
and,0.387,
sharing,0.819,
food.,4.091,
There,0.432,
are,1.347,
not,0.367,
too,0.528,
many,0.573,
"people,",2.077,
some,0.717,
are,2.772,
better,7.515,
at,0.546,
"climbing,",1.878,
some,0.314,
are,0.27,
"not,",3.071,
holding,1.902,
tightly,1.997,
to,0.317,
the,0.825,
ropes,0.871,
that,0.373,
are,2.669,
meant,14.525,
to,1.147,
protect,1.997,
them,1.299,
in,0.284,
case,0.578,
of,0.233,
falling.,1.759,
The,0.557,
water,3.218,
is,0.196,
"calm,",1.643,
even,0.602,
though,1.052,
there,1.226,
is,0.175,
a,0.103,
bit,0.359,
of,0.492,
wind,0.523,
and,0.371,
"rain,",2.313,
boats,2.497,
are,0.386,
rocking,1.035,
gently,1.793,
and,0.485,
there,0.504,
is,0.169,
a,0.286,
smell,0.84,
of,0.387,
salt,0.467,
in,0.236,
the,0.409,
air.,0.577,
The,0.215,
place,0.767,
is,0.393,
"loud,",3.44,
waiters,1.292,
are,0.343,
rushing,1.13,
and,0.311,
there,0.556,
is,0.272,
smell,2.145,
of,0.201,
pizza,0.88,
in,0.393,
the,1.278,
"air,",0.555,
specifically,13.027,
of,0.193,
olives.,2.452,
There,0.941,
are,0.359,
dancers,1.73,
stretching,2.382,
their,0.803,
legs,0.771,
and,1.372,
fixing,0.922,
their,0.604,
shoes,0.96,
while,6.707,
watching,1.417,
how,0.293,
they,0.59,
look,0.965,
in,0.266,
the,0.306,
mirrors.,1.326,
The,0.539,
small,0.814,
of,0.388,
coffee,1.228,
fills,1.9,
the,0.312,
air,0.378,
and,0.812,
the,0.376,
baristas,5.029,
are,0.995,
rushing,0.775,
trying,1.851,
to,0.149,
serve,1.364,
everyone.,1.694,
The,0.27,
sound,1.38,
is,0.276,
"infernal,",6.816,
kids,0.385,
are,0.409,
laughing,1.606,
while,0.891,
parents,0.888,
watch,0.72,
them,0.843,
and,0.332,
the,0.699,
smell,1.178,
of,0.434,
burnt,0.925,
gasoline,1.944,
fills,0.508,
the,0.355,
air.,0.439,
Many,2.26,
colors,1.565,
in,1.178,
the,0.288,
sight,0.87,
and,0.609,
the,0.772,
mix,0.868,
of,0.194,
different,2.4,
spices,0.978,
smell,0.647,
fills,1.18,
the,0.334,
"air,",1.621,
while,1.343,
people,1.176,
walk,2.115,
and,0.366,
stop,0.508,
by,0.456,
some,0.603,
shop,0.592,
to,0.916,
take,0.536,
a,0.128,
look.,0.947,
Although,12.487,
the,0.293,
room,0.579,
is,0.262,
"quite,",0.664,
there,0.607,
are,0.356,
sounds,2.365,
from,0.841,
the,0.308,
"outside,",1.892,
but,0.46,
they,6.79,
are,0.362,
"aborbed,",18.734,
also,0.631,
some,0.602,
candles,1.017,
are,0.334,
craking,12.01,
from,4.788,
time,1.136,
to,0.211,
time.,0.458,
The,0.36,
tourists,1.368,
overwhelm,10.666,
the,0.291,
place,1.176,
and,0.7,
they,0.75,
take,0.602,
photos,1.035,
of,0.256,
the,0.335,
sky,2.092,
for,0.311,
it's,0.819,
orange,2.022,
and,0.575,
violet,1.026,
colors.,1.183,
All,0.344,
the,0.304,
people,3.92,
from,0.484,
the,0.317,
room,1.978,
are,0.339,
"focused,",2.721,
musicians,4.057,
signing,0.89,
and,1.336,
headphones,3.146,
are,0.363,
scattered,14.624,
all,0.571,
over,0.45,
the,0.463,
place.,0.82,
Students,1.027,
are,0.284,
talking,0.885,
about,0.555,
exams,1.379,
and,0.69,
project,1.452,
waiting,1.16,
for,0.477,
the,0.296,
teacher,1.245,
to,0.284,
start,0.887,
presenting,1.589,
the,0.304,
lecture.,0.788,
Doctors,0.958,
are,0.282,
rushing,1.226,
and,2.188,
some,2.789,
patients,1.155,
are,0.534,
waiting,1.137,
while,0.772,
some,0.55,
are,4.626,
getting,1.149,
their,1.499,
needed,1.294,
treatment,3.397,
fast.,1.653,
Soft,1.424,
music,0.899,
welcomes,13.926,
you,0.356,
and,0.599,
everyone,1.709,
is,0.175,
nice,6.971,
with,0.415,
"you,",1.8,
while,0.596,
some,0.639,
people,0.835,
are,0.36,
going,1.396,
out,1.344,
looking,1.874,
relaxed,1.75,
in,1.131,
their,0.698,
robes.,1.004,
Lights,0.824,
are,0.507,
glowing,2.016,
and,2.723,
from,0.548,
time,0.814,
to,0.262,
time,1.331,
an,2.911,
ambulance,1.656,
alarm,1.295,
is,0.887,
disturbing,2.594,
the,0.294,
buzzing,2.898,
sound,0.914,
of,1.28,
the,0.339,
traffic.,1.963,
All,0.337,
the,0.311,
machines,0.943,
are,0.286,
"spinning,",1.607,
while,0.939,
some,0.346,
people,1.136,
wait,0.742,
in,0.353,
line,0.528,
for,2.406,
one,0.341,
of,1.932,
them,0.486,
to,0.337,
stop,7.859,
in,0.259,
order,0.976,
to,0.355,
use,0.505,
it.,0.698,
Some,0.819,
people,1.071,
are,0.461,
dressed,2.263,
in,1.84,
old-fashioned,2.846,
"clothes,",6.139,
with,0.571,
tents,0.741,
filling,1.474,
the,0.26,
"place,",2.856,
some,0.393,
of,0.26,
them,0.578,
sell,0.699,
things,0.935,
others,2.05,
are,0.46,
restaurants,2.578,
or,0.19,
mini-theatres.,11.233,
Big,0.249,
screens,1.076,
showing,5.264,
"images,",10.023,
there,1.069,
are,0.486,
some,0.482,
showcases,15.137,
which,0.583,
have,0.745,
holoholograms,13.09,
inside.,0.729,
The,0.243,
market,0.968,
wakes,4.669,
up,0.297,
with,0.891,
people,1.203,
setting,0.888,
their,0.68,
tables,1.899,
and,0.765,
preparing,2.472,
the,0.362,
thing,1.013,
they,1.541,
will,0.993,
sell,0.583,
by,0.454,
carefully,2.866,
arranging,9.818,
them,0.393,
on,0.246,
the,0.289,
table.,1.635,
Dogs,1.999,
wait,1.149,
quietly,9.81,
by,1.268,
their,2.765,
owner,1.204,
"sides,",6.068,
while,1.421,
others,3.841,
are,0.336,
ricks,8.774,
after,0.848,
witch,3.941,
the,0.909,
owners,2.785,
need,1.091,
to,0.848,
fix,0.345,
their,1.196,
fur.,0.398,
There,0.482,
are,0.703,
some,0.455,
people,0.768,
speaking,2.378,
softly,1.099,
sharing,1.112,
secrets,1.154,
and,0.281,
some,0.911,
that,5.725,
laugh,0.894,
loud,1.259,
with,0.498,
happy,2.219,
"voices,",3.101,
on,0.327,
the,0.544,
background,1.447,
there,0.769,
is,0.191,
the,0.315,
sound,0.536,
of,0.259,
some,7.371,
buzzing,1.138,
machines.,0.931,
A,0,
group,0.606,
of,0.269,
people,1.131,
are,1.028,
playing,1.054,
"bingo,",5.061,
while,0.676,
others,2.979,
are,0.939,
doing,0.618,
light,0.982,
workouts,1.761,
or,3.56,
dancing,4.816,
on,0.241,
soft,0.48,
music.,0.651,
The,0.359,
lights,0.845,
of,0.287,
the,0.44,
city,0.601,
look,1.638,
beautiful,2.015,
from,0.65,
the,0.358,
rooftop,1.063,
"bar,",1.156,
people,2.773,
are,0.331,
talking,1.174,
and,1.783,
laughing,7.554,
while,0.663,
looking,2.085,
from,0.666,
time,0.599,
to,0.221,
time,0.355,
at,0.247,
the,0.332,
city,1.684,
below.,1.641,
You,7.199,
can,0.264,
feel,0.86,
the,2.398,
salt,1.134,
in,0.295,
the,0.647,
windy,1.031,
atmosphere,1.783,
and,1.2,
hear,0.536,
the,0.554,
sounds,1.461,
of,0.205,
ocean,2.982,
"waves,",8.532,
in,0.288,
this,0.342,
context,0.862,
people,2.265,
move,4.348,
in,0.306,
the,7.407,
same,0.622,
note,1.879,
with,0.433,
the,0.263,
atmosphere.,4.021,
In,0.257,
a,0.094,
corner,1.133,
some,0.36,
beginners,1.737,
are,0.265,
rehearsing,22.243,
their,1.018,
"moves,",1.33,
while,0.598,
the,0.433,
ones,1.323,
with,0.439,
more,0.319,
experience,2.086,
dance,1.557,
in,0.287,
the,0.357,
middle,0.977,
on,0.291,
fast,7.383,
music.,0.655,
Slowly,5.172,
walking,2.813,
between,1.01,
books,0.984,
and,0.332,
looking,8.513,
"carefully,",7.66,
people,5.823,
stop,0.877,
from,0.548,
time,1.094,
to,0.329,
time,0.365,
to,0.189,
turn,0.764,
pages,0.936,
of,0.227,
a,0.287,
book,0.838,
that,2.558,
caught,3.126,
their,1.031,
attention.,1.525,
Mothers,1.005,
and,0.337,
fathers,0.89,
with,1.021,
their,0.529,
kids,0.86,
are,0.356,
waiting,1.057,
their,10.302,
turn,0.407,
to,0.187,
see,0.403,
the,0.336,
"doctor,",0.869,
some,0.41,
kids,0.509,
are,0.667,
crying,0.98,
some,0.357,
are,0.531,
looking,0.909,
"sad,",1.148,
few,0.483,
seem,0.562,
happy.,0.753,
A,0,
big,0.876,
glass,1.61,
door,0.969,
opens,1.66,
and,0.318,
inside,1.133,
there,3.247,
are,0.265,
shiny,1.196,
"cars,",2.845,
with,0.472,
people,1.086,
running,1.151,
their,1.061,
hand,0.573,
over,3.3,
soft,0.479,
"seats,",6.898,
dreaming,1.559,
about,0.528,
taking,0.892,
a,0.732,
car,0.475,
home.,0.763,
The,0.243,
fair,1.792,
is,0.287,
full,0.523,
of,0.171,
colors,1.353,
and,0.36,
"movement,",1.76,
a,3.18,
lot,0.625,
of,0.272,
handmade,6.961,
artists,4.888,
are,0.319,
presenting,1.323,
their,0.553,
work,0.386,
like,0.436,
"jewelry,",4.573,
candles,4.554,
and,0.569,
paintings.,2.648,
Atmosphere,14.078,
is,0.529,
almost,1.252,
"silent,",3.54,
except,2.982,
for,1.581,
the,0.265,
sounds,1.803,
of,0.187,
pages,0.726,
and,1.191,
pens,2.29,
scratching,7.645,
on,0.287,
"paper,",3.262,
with,1.087,
some,0.506,
people,2.361,
typing,8.179,
on,0.215,
their,0.47,
laptops.,1.758,
The,0.266,
glasses,1.966,
are,0.352,
clinking,1.529,
while,0.69,
people,1.076,
enjoy,1.329,
their,1.162,
"drinks,",4.613,
judging,1.371,
the,0.361,
taste,0.99,
of,0.187,
the,0.272,
new,0.314,
beer.,0.725,
Like,1.421,
never,0.768,
"before,",2.461,
all,0.31,
the,0.641,
machines,11.698,
are,0.288,
"busy,",1.569,
people,7.227,
"running,",1.662,
jumping,1.012,
and,0.313,
lifting,1.088,
while,1.142,
wiping,2.094,
their,3.879,
sweat.,1.807,
The,0.312,
plants,0.932,
seem,0.843,
to,0.166,
wait,1.041,
for,0.425,
the,0.351,
sun,2.209,
to,0.272,
rise,0.43,
in,0.339,
order,0.774,
to,0.226,
ripen,12.616,
their,1.774,
"fruits,",10.249,
while,0.529,
birds,0.667,
singing,0.814,
in,0.543,
the,0.273,
cool,0.983,
air.,0.578,
Steam,0.598,
rises,0.557,
from,0.5,
bamboo,1.255,
"baskets,",2.543,
while,0.721,
waiters,1.795,
hurry,0.963,
between,0.817,
tables,0.733,
while,1.145,
people,1.064,
are,0.291,
talking,0.993,
and,0.435,
laughing,1.085,
at,0.618,
the,0.346,
tables.,0.836,
Kids,0.586,
climb,2.815,
and,0.326,
shout,1.059,
at,0.993,
each,0.768,
other,0.835,
from,0.455,
"afar,",1.139,
parents,12.491,
are,0.333,
either,0.736,
standing,1.086,
by,0.546,
the,0.789,
side,0.491,
and,0.502,
chat,0.651,
or,0.208,
are,0.554,
enjoying,2.855,
a,0.234,
coffee,3.675,
at,0.406,
the,0.337,
nearby,1.734,
shop.,1.737,
Archer,0.741,
adjusts,1.138,
their,0.533,
stances,1.053,
and,0.367,
their,2.101,
breathe,1.859,
before,3.515,
shooting,1.941,
an,0.187,
"arrow,",1.083,
they,2.942,
are,2.579,
really,1.132,
happy,2.532,
when,0.647,
doing,8.399,
a,0.192,
good,1.604,
shot.,1.203,
Travelers,1.827,
and,0.59,
big,0.499,
backpacks,2.456,
fill,0.529,
the,0.3,
"room,",3.542,
some,0.487,
of,0.547,
them,0.68,
are,0.381,
playing,1.032,
card,1.112,
games,0.544,
while,1.107,
other,1.005,
listen,2.111,
music,0.771,
in,0.407,
their,1.087,
headphones.,1.973,
The,0.284,
grilling,2.025,
meat,1.361,
is,1.07,
sizzling,1.677,
in,6.737,
the,0.359,
truck,1.077,
kitchen,1.232,
while,0.721,
customers,1.411,
have,4.087,
made,0.992,
a,0.221,
long,1.706,
"queue,",2.335,
with,0.387,
some,0.74,
holding,1.035,
beer,1.299,
in,0.426,
their,0.601,
hands.,0.959,
The,0.311,
bookshop,1.441,
is,0.21,
calm,0.435,
and,0.293,
"cozy,",0.772,
soft,0.722,
music,0.981,
playing,1.088,
from,0.543,
a,0.163,
"radio,",1.68,
with,1.297,
people,1.52,
slowly,2.532,
wandering,2.906,
around.,1.833,
A,0,
band,0.932,
is,0.274,
playing,0.962,
nice,0.962,
and,0.409,
rhythmic,2.456,
"music,",1.276,
while,0.581,
people,0.881,
are,0.427,
drinking,4.588,
their,1.756,
coffee,4.867,
or,0.238,
enjoy,1.389,
their,0.485,
food.,0.543,
The,0.231,
river,0.974,
flows,0.724,
softly,1.037,
under,1.292,
the,1.157,
night,0.775,
"sky,",1.012,
while,1.583,
campfire,0.945,
is,0.361,
crackling,1.492,
with,0.879,
people,0.792,
sitting,1.184,
on,0.222,
tree,0.541,
stamps,0.603,
around,1.131,
it.,0.283,
The,0.238,
store,3.414,
is,2.092,
quite,0.84,
"big,",1.215,
with,1.054,
a,0.14,
lot,0.774,
of,0.228,
clothes,1.195,
being,3.272,
from,0.621,
known,1.948,
"designers,",1.355,
people,0.939,
are,0.53,
looking,1.011,
and,0.406,
searching,1.335,
for,0.938,
something,0.963,
they,0.925,
like,0.428,
and,0.309,
afford.,3.261,
The,0.529,
sound,0.53,
of,0.456,
sneakers,1.848,
is,0.218,
squeaking,3.995,
while,0.918,
the,0.366,
crows,0.861,
is,1.996,
cheering,0.976,
when,0.914,
an,0.188,
important,1.616,
moment,1.461,
takes,0.584,
place.,0.994,
The,0.193,
marked,0.859,
is,0.246,
packed,0.717,
with,0.528,
tables,0.798,
full,0.668,
of,0.384,
old,0.415,
"things,",0.818,
people,1.622,
bargaining,1.898,
with,6.616,
sellers,0.891,
and,0.305,
some,0.309,
kids,0.573,
are,0.31,
urging,1.005,
their,3.293,
parents,0.654,
to,0.207,
go,0.268,
home.,0.604,
Soft,0.772,
blue,0.508,
color,0.602,
lights,6.88,
the,0.31,
"rooms,",3.103,
children,2.016,
pressing,0.898,
their,0.533,
hands,1.745,
against,0.89,
the,0.341,
glass,0.886,
of,0.548,
aquariums.,8.444,
People,1.52,
rushing,0.724,
and,0.821,
running,0.865,
with,0.596,
"luggage,",1.571,
some,4.98,
are,0.344,
just,0.462,
"travelling,",5.919,
some,0.412,
are,0.451,
going,2.505,
home,0.702,
to,0.171,
spend,0.892,
their,0.7,
time,0.337,
with,0.488,
family.,3.152,
The,1.155,
room,0.458,
is,0.185,
quite,0.77,
and,0.406,
"elegant,",1.85,
with,0.472,
large,1.146,
and,0.701,
soft,1.965,
movements,1.541,
making,0.725,
the,0.449,
cups,5.194,
clinking,1.926,
as,0.267,
tea,0.402,
is,0.339,
poured,1.805,
in.,0.678,
People,0.718,
are,0.376,
gliding,1.442,
across,1.463,
the,0.264,
"ice,",0.558,
some,2.161,
are,0.524,
holding,1.569,
other,1.631,
hands,0.749,
or,0.259,
on,6.364,
the,0.244,
edge,2.16,
because,3.826,
it's,0.699,
their,0.744,
first,0.576,
time,0.721,
skating.,0.961,
The,0.337,
garden,0.896,
bursts,0.746,
with,0.547,
"colors,",0.821,
with,0.958,
bees,2.999,
buzzing,1.724,
around,0.747,
the,3.177,
flowers.,1.25,
Lights,1.345,
are,0.533,
flashing,1.95,
from,1.128,
all,0.258,
the,0.652,
"direction,",1.265,
people,1.323,
are,0.381,
walking,1.905,
carefully,2.04,
to,0.707,
not,0.517,
disturb,1.349,
the,0.529,
models,1.016,
and,1.295,
make,0.8,
up,0.17,
artists,1.179,
are,0.481,
ready,1.035,
to,0.266,
touch,18.306,
up,0.297,
their,0.482,
faces.,0.701,
Groups,0.786,
of,0.194,
students,1.52,
are,0.577,
laughing,0.97,
or,0.265,
listening,4.865,
to,0.271,
music,0.548,
or,0.317,
studying,2.893,
discussing,14.705,
ideas.,0.681,
All,0.332,
the,0.255,
cars,0.703,
are,0.3,
polished,1.442,
and,0.369,
look,0.626,
"great,",1.563,
you,0.434,
can't,0.988,
even,0.795,
believe,1.441,
some,1.835,
are,0.258,
more,2.681,
than,0.395,
100,2.34,
years,0.789,
old.,0.508,
The,0.216,
kids,0.368,
seems,0.699,
"nervous,",2.428,
holding,1.663,
tight,1.109,
to,0.2,
their,1.083,
parentswhile,2.613,
waiting,1.71,
for,0.366,
their,1.344,
turn.,0.623,
Colorful,1.208,
kites,0.8,
are,0.617,
up,0.241,
in,0.619,
the,0.283,
"wind,",1.108,
with,2.185,
people,1.054,
on,0.268,
the,0.312,
beach,2.429,
admiring,1.974,
the,0.354,
landscape.,19.918,
People,0.674,
are,0.287,
nervous,0.838,
and,0.497,
some,0.432,
"angry,",1.669,
with,0.565,
lots,0.531,
of,0.235,
movements,1.503,
and,0.766,
chopping,1.899,
and,0.318,
pans,1.181,
sizzling.,1.449,
The,1.387,
music,0.572,
pulses,1.961,
and,1.107,
lights,1.421,
are,0.627,
flashing,1.373,
while,0.844,
people,0.844,
move,0.969,
to,0.315,
the,0.275,
beat.,3.376,
Even,0.462,
though,1.568,
packed,1.47,
with,0.677,
"people,",1.009,
the,0.464,
gallery,2.719,
is,0.575,
quite,0.606,
with,1.203,
soft,0.771,
conversation,1.567,
floating,1.151,
through,0.769,
the,0.509,
space.,0.945,
The,0.241,
air,0.314,
is,0.193,
filled,0.719,
with,0.644,
the,0.367,
scent,0.63,
of,0.218,
polish,0.913,
and,0.339,
people,2.462,
are,0.711,
chatting,2.2,
and,0.53,
laughing.,2.497,
Me,0.207,
and,0.373,
my,0.258,
best,0.582,
friend,0.698,
had,1.617,
a,0.311,
great,0.719,
time,0.417,
with,0.596,
our,2.048,
canoe,1.358,
at,3.002,
the,0.54,
lake.,7.663,
,0,
Last,0.604,
Saturday,2.521,
morning,1.484,
I,0.66,
went,0.474,
to,0.319,
the,0.766,
barbershop,3.297,
to,0.274,
get,1.348,
a,0.21,
fresh,0.738,
haircut;,3.529,
it,0.243,
was,0.404,
so,0.382,
crowded...,5.42,
When,0.48,
I,0.653,
arrived,1.558,
for,0.417,
lunch,0.761,
at,1.618,
"University,",4.015,
I,0.565,
saw,0.376,
all,3.361,
my,0.369,
classmates,1.392,
already,0.648,
at,0.251,
the,0.367,
table,0.827,
waiting,1.238,
for,0.306,
their,1.341,
food,0.399,
and,0.623,
playing,0.935,
some,0.421,
card,0.932,
games.,2.061,
My,0.276,
girlfriend,4.498,
is,0.274,
working,0.723,
at,1.706,
the,2.157,
old,0.436,
art,0.38,
studio,1.649,
and,0.347,
she,0.844,
showed,1.7,
me,0.237,
some,0.479,
photos,1.705,
of,0.675,
their,1.192,
new,2.18,
pieces;,2.469,
there,0.481,
were,0.978,
a,0.123,
lot,0.367,
of,1.429,
paintings,1.711,
and,1.619,
canvases.,1.143,
I,0,
saw,0.297,
the,0.35,
gardener,1.063,
in,0.245,
the,0.288,
morning,1.702,
at,0.461,
the,0.467,
conservatory,3.558,
taking,0.809,
care,1.145,
of,0.227,
the,3.771,
beautiful,1.531,
flowers,1.064,
he,0.247,
planted,0.752,
some,0.369,
times,0.533,
ag.,4.541,
When,0.519,
I,0.489,
went,1.211,
to,0.216,
my,0.587,
orthodontist,4.988,
office,0.731,
I,0.677,
saw,0.306,
a,0.328,
bunch,0.686,
of,0.26,
kids,0.488,
in,0.247,
the,0.269,
waiting,0.712,
room,0.63,
because,7.627,
they,0.703,
were,0.576,
having,6.945,
a,0.048,
project,0.996,
for,1.884,
their,0.713,
Biology,4.945,
class.,4.375,
There,0.541,
were,2.11,
a,0.14,
lot,0.383,
of,0.232,
people,2.383,
in,0.233,
the,0.47,
center,0.638,
square;,10.394,
I,0.549,
saw,0.364,
kids,0.666,
running,1.027,
and,1.553,
playing,1.058,
all,2.343,
over,2.211,
the,0.339,
"place,",0.795,
there,2.776,
were,0.855,
people,1.226,
with,0.738,
their,0.777,
dogs,1.086,
walking,4.292,
down,0.828,
the,0.35,
street,0.894,
and,0.297,
so,0.212,
on;,2.761,
it,0.25,
was,0.375,
very,0.638,
"crowded,",5.774,
but,0.396,
very,0.777,
nice,0.652,
in,0.281,
the,0.331,
same,0.396,
time,0.333,
The,1.862,
Swedish,13.358,
Pub,1.381,
has,1.424,
tonight,2.298,
a,3.311,
special,0.695,
event,0.543,
with,0.805,
traditional,3.186,
folk,0.901,
music;,8.883,
I,0.41,
am,0.21,
sure,0.426,
it,0.411,
will,0.533,
be,0.297,
very,0.786,
cozy,6.023,
and,0.916,
nice,0.498,
to,0.321,
be,0.225,
there.,1.916,
After,0.525,
we,0.65,
did,1.387,
our,0.433,
training,0.762,
we,1.647,
wanted,0.77,
to,0.197,
go,0.172,
for,0.268,
some,3.626,
smoothies,5.023,
but,0.557,
there,0.431,
were,1.562,
a,0.644,
lot,0.382,
of,0.215,
people,2.612,
waiting,1.638,
in,0.196,
line,0.996,
so,0.217,
we,0.369,
skipped,1.321,
it.,1.037,
Yesterday,1.487,
was,0.738,
full,0.878,
at,0.337,
the,1.484,
comic,3.064,
book,0.939,
"store,",1.033,
because,0.861,
the,0.503,
famous,0.726,
writer,0.627,
just,0.569,
released,1.508,
his,0.561,
new,0.394,
work,2.382,
and,0.229,
there,0.462,
were,0.736,
a,0.142,
lot,0.404,
of,0.241,
kids,0.615,
waiting,2.413,
to,2.414,
get,0.357,
their,0.898,
books,1.242,
signed,0.706,
by,0.459,
him.,0.565,
After,0.572,
I,4.684,
completed,0.994,
my,1.532,
"assignment,",3.22,
I,0.617,
went,0.98,
for,0.618,
a,0.127,
short,0.878,
walk,0.586,
in,0.258,
the,0.305,
misty,1.973,
forest;,2.547,
I,0.475,
had,0.327,
such,0.738,
a,0.103,
great,0.78,
"time,",0.587,
it,0.221,
was,0.423,
so,0.265,
cozy,0.818,
and,0.302,
I,2.041,
got,0.249,
my,0.379,
mind,0.449,
cleared,0.994,
seeing,13.386,
such,0.434,
a,0.441,
beautiful,2.625,
place.,0.636,
It,0.194,
was,0.307,
so,0.494,
nice,0.399,
at,1.413,
the,0.265,
stadium,1.236,
last,0.423,
night;,2.645,
everybody,2.998,
opened,2.103,
their,0.703,
phone,5.11,
light,0.781,
at,0.431,
the,0.243,
end,0.438,
of,0.246,
the,0.338,
game,0.59,
to,0.207,
show,0.493,
support,1.192,
to,0.184,
their,0.589,
favorite,1.068,
team!,0.742,
I,0,
miss,1.692,
the,0.852,
times,0.478,
our,2.049,
entire,1.32,
family,1.117,
were,6.132,
together;,5.958,
I,0.497,
miss,0.682,
hearing,1.599,
stories,2.451,
from,0.407,
our,3.246,
grandfather,2.579,
at,2.404,
the,0.383,
campfire,1.623,
and,1.303,
everybody,1.506,
laughing,1.767,
about,5.812,
his,2.29,
unbelieveablememories..,89.233,
I,0,
remember,1.012,
that,1.552,
day,0.441,
when,1.021,
my,0.306,
father,0.962,
took,2.663,
me,0.246,
with,0.38,
him,0.442,
to,0.2,
that,3.212,
antique,3.126,
auction;,2.869,
I,0.639,
got,0.331,
sooo,1.357,
bored,0.767,
while,2.17,
he,0.275,
was,0.473,
searching,4.57,
a,4.947,
lot,0.378,
of,0.261,
weird,0.711,
things.,0.766,
I,0,
remember,0.906,
my,0.674,
10th,1.37,
birthday,1.917,
when,0.947,
my,0.328,
parents,1.622,
took,0.907,
me,0.337,
and,0.518,
some,0.371,
of,0.282,
my,0.498,
friends,0.752,
to,0.217,
the,0.408,
play,1.928,
center;,1.699,
we,0.416,
had,0.308,
a,0.076,
great,0.566,
time,0.331,
playing,0.856,
arcade,6.657,
games,0.783,
and,0.407,
jumping,3.085,
all,0.379,
around,0.844,
trampoline.,12.911,
In,0.226,
my,0.275,
high,39.155,
school,1.348,
we,1.251,
had,0.417,
a,0.119,
team,0.55,
of,0.226,
volunteers,1.985,
which,2.444,
organized,1.517,
a,1.502,
visit,3.057,
to,0.219,
the,0.888,
seniors',2.59,
community,1.718,
center;,1.711,
I,0.801,
remember,1.019,
that,0.414,
it,2.216,
was,0.503,
a,1.714,
very,0.515,
quiet,0.69,
place,0.676,
and,1.485,
the,0.337,
people,1.03,
there,0.753,
were,0.938,
so,0.642,
nice,0.416,
and,0.431,
humble,1.789,
Our,0.435,
last,0.505,
diner,4.091,
was,0.87,
so,0.558,
lively,7.467,
and,0.797,
fun;,2.649,
we,0.428,
had,0.374,
some,0.416,
friends,1.199,
visiting,1.073,
us,0.812,
from,0.331,
far,0.318,
away,1.692,
and,0.321,
we,0.314,
stayed,0.862,
late,2.666,
and,0.512,
enjoy,2.185,
our,0.716,
time,0.512,
discussing,1.119,
about,0.738,
old,0.429,
memories.,1.151,
My,0.286,
girlfriend,2.303,
applied,1.411,
for,0.445,
a,0.526,
modelling,1.496,
company,3.322,
because,2.458,
this,8.304,
was,0.409,
her,0.949,
dream,0.494,
since,1.223,
she,0.663,
was,0.605,
a,0.784,
child;,2.395,
to,1.17,
see,0.514,
herself,1.481,
in,0.224,
a,0.135,
photo,1.139,
shoot.,16.974,
When,1.295,
we,0.769,
"arrived,",0.93,
horses,1.207,
were,0.821,
prepared,1.633,
for,0.297,
the,0.36,
ride;,2.466,
we,3.551,
just,0.739,
saw,0.857,
the,2.667,
people,1.435,
there,0.487,
adjusting,1.107,
their,0.628,
saddles,5.163,
and,1.357,
getting,0.913,
ready,0.77,
for,0.41,
the,0.304,
start.,0.727,
At,0.214,
our,1.318,
prom,0.711,
"night,",0.955,
there,3.376,
was,0.761,
a,0.522,
moment,1.286,
when,1.353,
averybody,1.649,
was,0.53,
slowly,0.957,
dancing,3.461,
in,0.245,
a,0.059,
big,0.419,
circle,2.079,
knowing,1.39,
that,0.785,
we,0.342,
are,0.358,
finishing,1.252,
a,0.092,
very,1.996,
beautiful,1.064,
step,2.769,
in,0.268,
our,0.499,
lives...,4.058,
I,0,
remember,0.967,
going,2.74,
to,0.405,
a,0.144,
book,4.26,
release,1.163,
event,0.997,
and,0.398,
the,0.413,
speaker,2,
told,0.972,
us,0.282,
to,0.291,
stay,0.509,
quiet,1.093,
because,2.009,
of,0.34,
the,0.4,
eager,1.904,
whispers.,2.771,
I,0,
did,0.392,
not,0.346,
like,0.791,
the,1.248,
currency,3.338,
exchange,2.741,
place,0.549,
in,0.258,
the,0.357,
airport,1.251,
because,0.939,
there,0.705,
were,0.763,
a,0.145,
lot,0.684,
of,0.236,
hurried,1.508,
people,0.879,
coming,1.854,
from,0.489,
different,6.341,
countries,1.545,
trying,0.834,
to,0.296,
exchange,12.201,
their,0.787,
money,1.661,
I,0,
remember,0.838,
my,0.854,
first,0.622,
date;,5.612,
we,0.629,
went,1.149,
for,62.062,
a,0.076,
walk,0.703,
along,6.426,
the,0.397,
river,0.716,
and,1.608,
it,0.251,
was,0.364,
a,0.473,
very,1.76,
cozy,1.757,
walk,1.093,
seeing,3.496,
the,0.348,
streelights,1.819,
and,0.369,
hearing,0.668,
the,0.327,
water,0.745,
ripples.,1.488,
I,0,
saw,0.321,
a,0.131,
happy,1.701,
couple,0.86,
searching,29.397,
for,0.331,
a,0.169,
wedding,3.161,
dress,0.961,
in,0.21,
the,0.301,
crowded,1.344,
marke;,3.416,
the,1.957,
sparkle,1.531,
in,0.203,
their,0.803,
eyes,2.19,
told,0.725,
me,0.264,
they,0.876,
were,0.767,
trully,0.803,
happy.,1.342,
My,0.2,
classmates,1.791,
had,0.923,
such,1.364,
a,0.119,
great,0.59,
time,0.944,
at,1.051,
that,0.377,
pottery,1.347,
class,1.123,
from,0.646,
the,0.383,
old,1.099,
community,1.153,
center;,1.685,
they,0.506,
told,0.528,
me,0.658,
they,2.837,
felt,0.403,
great,0.948,
learning,1.749,
how,6.914,
to,0.166,
shape,0.645,
things.,2.087,
I,0,
never,0.674,
saw,0.46,
so,1.041,
many,0.583,
dogs,0.446,
at,1.162,
the,0.606,
same,0.45,
time,0.446,
until,2.288,
I,0.69,
had,0.36,
to,0.215,
go,0.542,
to,1.244,
the,1.044,
veterinary,1.868,
office,0.829,
to,8.677,
schedule,1.108,
my,0.234,
next,0.777,
vaccination,1.815,
days,0.466,
for,0.824,
my,0.444,
dog.,0.392,
Everybody,2.908,
finished,35.419,
their,1.17,
final,0.453,
touches,0.845,
and,0.37,
there,1.837,
was,3.13,
a,0.113,
lot,0.437,
of,0.205,
excitement,1.145,
in,0.174,
the,0.265,
"air,",1.937,
all,0.357,
the,0.346,
models,0.682,
were,0.606,
waiting,0.792,
to,0.266,
start,0.746,
the,0.369,
show.,0.815,
At,0.241,
my,0.585,
12th,5.355,
anniversary,3.733,
me,5.299,
and,0.275,
my,0.79,
family,1.541,
went,2.404,
to,0.213,
a,0.09,
park,8.014,
and,0.327,
we,0.576,
had,0.327,
such,0.488,
a,0.094,
great,0.575,
time;,0.8,
we,5.638,
bought,0.67,
sugary,1.612,
"treats,",2.721,
we,0.264,
laughed,1.239,
a,0.114,
lot,0.366,
and,1.005,
I,3.79,
finally,0.834,
could,4.204,
ride,0.413,
the,1.539,
biggest,1.861,
rollercoaster.,2.108,
I,0,
miss,0.602,
my,0.772,
last,0.558,
city,7.039,
break,1.757,
in,0.247,
Barcelona,2.748,
and,0.592,
that,1.022,
coffee,3.549,
in,1.512,
the,0.238,
rooftop,1.388,
garden,1.079,
from,4.22,
the,0.666,
hotel;,6.2,
it,0.262,
was,0.389,
so,0.356,
quiet,1.089,
and,0.386,
nice,0.487,
I,0,
watch,1.09,
the,0.396,
hives,0.989,
buzz,0.567,
and,0.4,
smoke,1.227,
from,2.867,
the,0.356,
air,0.545,
as,0.205,
golden,1.282,
honey,2.056,
pours,2.356,
from,0.872,
the,0.765,
combs.,0.737,
When,0.698,
I,0.494,
visited,1.819,
Asia,0.855,
I,0.438,
remember,1.126,
walking,1.992,
in,0.222,
a,0.065,
street,1.143,
food,0.466,
market,1.21,
and,0.318,
seeing,0.6,
a,1.18,
lot,0.401,
of,0.996,
tasty,0.815,
things;,5.22,
that,0.374,
market,1.724,
was,2.268,
surrounded,1.201,
by,0.617,
lively,1.359,
chatter,1.127,
and,0.391,
tempting,0.974,
smells.,1.025,
During,0.605,
the,0.306,
exam,0.978,
"week,",3.419,
all,6.255,
students,1.095,
are,0.353,
going,0.623,
to,0.393,
the,0.441,
central,1.034,
library,1.009,
because,6.028,
they,0.53,
need,0.677,
to,0.235,
prepare,1.235,
for,0.333,
their,0.739,
last,0.492,
exam;,6.954,
I,3.3,
remember,0.957,
I,3.888,
was,0.527,
only,0.561,
seeing,2.151,
"books,",1.834,
"pens,",2.981,
all,1.626,
of,0.382,
us,0.837,
were,3.84,
focused,1.276,
on,0.339,
learning,5.305,
to,0.262,
pass,0.588,
the,1.22,
final,1.048,
exam.,1.116,
I,0,
could,0.676,
not,0.383,
believe,1.183,
when,0.889,
I,0.376,
found,0.546,
the,5.386,
last,0.654,
piece,1.087,
for,0.408,
my,0.495,
comic,7.607,
book,0.799,
collection,1.648,
at,5.636,
the,0.342,
flea,0.511,
market;,1.736,
it,0.369,
was,0.332,
so,0.715,
"crowded,",2.256,
everyone,0.986,
was,1.193,
looking,1.291,
for,1.454,
hidden,1.007,
gems,0.838,
,0,
Last,0.435,
winter,3.021,
I,0.425,
went,0.674,
to,0.444,
that,1.656,
Ski,1.498,
resort,1.296,
I,0.855,
always,0.973,
dreamed,2.014,
of;,5.903,
it,0.435,
was,0.414,
so,1.106,
nice,0.455,
to,8.79,
finally,0.743,
be,0.355,
there,0.509,
with,0.865,
a,0.516,
warm,0.79,
drink,1.202,
in,0.282,
my,1.065,
hands,1.895,
and,0.472,
see,0.473,
the,1.522,
snowflakes,1.676,
falling,1.109,
everywhere,1.921,
The,0.358,
tailor,2.118,
was,0.485,
so,0.198,
busy,0.656,
when,0.873,
I,0.509,
arrived;,39.815,
he,0.422,
was,0.414,
measuring,3.995,
a,3.822,
custom,0.716,
suit,0.544,
for,0.386,
a,0.489,
old,1.663,
man,3.108,
having,2.667,
a,2.145,
very,0.569,
important,1.299,
meeting.,4.218,
When,0.439,
I,0.483,
"arrived,",1.55,
the,0.36,
lobbys,11.392,
buzzing,1.572,
with,0.625,
conversations,6.13,
and,0.324,
I,0.422,
was,0.337,
seeing,2.082,
only,0.628,
elegant,0.992,
outfits,2.608,
and,0.354,
champagne,2.005,
glasses.,2.953,
Last,0.461,
Sunday,1.86,
we,0.266,
want,0.616,
to,0.748,
the,0.467,
pool;,4.006,
it,0.23,
was,0.634,
a,1.548,
sunny,0.734,
day,0.705,
and,0.608,
we,0.234,
wanted,0.7,
to,1.019,
have,0.878,
a,0.169,
great,0.592,
time;,4.432,
we,0.372,
laughed,1.188,
so,1.927,
much.,13.153,
When,0.48,
I,0.423,
was,0.396,
a,0.121,
kid,0.449,
I,3.214,
visited,1.196,
a,0.118,
haunted,0.976,
house,1.726,
during,0.554,
the,0.42,
Halloween,1.946,
and,0.724,
I,0.421,
got,0.297,
so,0.252,
scared,0.662,
from,1.874,
their,0.758,
special,1.02,
effects.,10.014,
It,0.257,
was,0.471,
so,0.56,
nice,6.706,
when,0.606,
we,0.387,
went,0.831,
to,0.439,
the,0.274,
juice,0.714,
bar;,0.504,
I,0.426,
learnt,0.717,
a,0.201,
new,0.567,
recipe,0.687,
for,5.074,
a,0.124,
healthy,1.032,
breakfast.,18.587,
I,0,
watch,1.169,
the,0.404,
crew,2.996,
"hustle,",1.432,
trying,0.671,
to,0.262,
get,0.368,
the,0.283,
best,0.936,
set,0.459,
and,4.699,
the,0.699,
actors,2.072,
were,1.824,
getting,1.54,
ready;,5.653,
every,0.803,
detail,0.84,
is,0.314,
perfected,1.293,
for,0.284,
the,0.299,
next,0.798,
scene.,1.061,
It,0.166,
was,0.34,
so,0.194,
crowded,1.034,
at,0.555,
the,0.399,
fish,1.166,
and,0.295,
chips,0.805,
shop;,2.56,
orders,1.371,
were,1.608,
shouted,1.664,
by,0.562,
everyone,1.035,
because,1.648,
the,0.387,
food,0.407,
there,0.442,
was,0.468,
so,0.206,
tasty;,5.645,
I,0.413,
stayed,1.1,
in,0.383,
a,0.077,
very,0.593,
big,0.695,
queue,1.947,
for,0.492,
about,0.586,
one,0.842,
hour.,0.735,
I,0,
jog,0.467,
past,0.493,
"trees,",4.144,
the,0.893,
birds,0.843,
chirp,1.606,
"above,",2.512,
the,0.37,
people,0.864,
were,1.109,
sipping,0.938,
coffee,0.756,
and,1.512,
the,0.553,
skyline,0.977,
rises,0.788,
as,1.39,
the,0.293,
park,0.476,
seems,0.838,
to,0.27,
come,0.525,
alive,0.816,
with,0.515,
morning,1.135,
energy.,1.115,
When,0.523,
I,0.509,
went,0.625,
to,0.229,
the,0.41,
last,0.491,
basketball,1.82,
"game,",3.352,
I,0.339,
saw,0.655,
a,1.261,
very,0.608,
nice,0.397,
slam,0.678,
dunk,0.789,
and,0.37,
the,0.361,
court,0.713,
was,0.789,
filled,1.314,
with,0.872,
energy.,0.843,
I,0,
was,0.249,
walking,1.455,
through,1.592,
the,0.387,
boutique,2.108,
and,0.616,
I,0.498,
saw,0.383,
excited,1.372,
shoppers,3.21,
trying,1.355,
on,0.265,
outfits,2.397,
and,0.417,
running,1.074,
to,0.323,
catch,2.011,
the,0.332,
best,0.844,
sales.,0.745,
I,0,
was,0.332,
standing,1.922,
in,0.196,
line,0.565,
thinking,10.239,
about,1.117,
my,1.629,
next,0.723,
travel,0.963,
and,0.467,
being,0.537,
so,12.722,
happy,0.834,
that,0.446,
finally,0.688,
I,0.892,
will,0.685,
visit,0.522,
my,1.233,
friend,0.669,
from,0.363,
Asia.,0.772,
The,0.338,
dance,0.51,
floor,2.032,
was,0.62,
"full,",0.775,
everybody,3.794,
had,4.581,
fun,0.458,
at,0.583,
my,0.522,
wedding.,1.251,
I,0,
enjoyed,1.334,
watching,11.461,
dogs,0.916,
learning,0.712,
new,0.421,
tricks;,5.707,
it,0.674,
was,0.339,
funny,0.602,
when,3.256,
the,2.823,
trainer,0.644,
gave,0.927,
a,0.137,
treat,0.906,
to,0.436,
the,0.547,
dogs,0.633,
each,0.821,
tail,0.977,
was,0.855,
wagging.,1.18,
Everything,2.167,
was,0.387,
so,0.67,
chaotic,1.613,
in,8.383,
the,0.301,
"kitchen,",2.645,
chefs,0.504,
were,1.106,
rapidly,3.212,
preparing,1.117,
the,0.844,
first,0.634,
plates.,0.943,
I,0,
carve,0.954,
in,0.225,
silence,0.87,
and,0.419,
the,0.447,
sculpture,1.914,
slowly,2.842,
started,2.922,
to,0.179,
take,0.367,
shape.,4.199,
I,0,
saw,0.317,
so,0.227,
many,0.839,
fans,0.434,
chatting,2.646,
excitedly,1.571,
before,0.818,
the,0.33,
convention,1.684,
started;,1.846,
now,0.442,
all,2.129,
of,0.25,
us,1.084,
are,0.577,
waiting,6.561,
for,0.532,
the,0.334,
speaker,1.034,
to,0.609,
bring,0.506,
on,1.063,
the,0.34,
main,0.455,
event.,1.3,
In,0.218,
each,0.439,
"morning,",1.197,
I,1.233,
stretch,1.408,
on,0.38,
the,0.329,
sand,0.761,
and,0.477,
see,0.524,
sun,0.558,
rises,0.939,
slowly;,7.601,
I,1.256,
love,0.448,
the,1.086,
fresh,1.544,
air,0.336,
in,0.19,
the,0.338,
morning.,2.711,
The,0.872,
atmosphere,12.226,
in,0.181,
the,0.507,
cafe,0.613,
was,0.551,
so,0.433,
"peaceful,",7.299,
I,0.513,
was,0.341,
sipping,0.963,
my,1.025,
warm,0.611,
drink,6.429,
and,0.359,
listening,1.995,
to,0.204,
the,0.382,
soft,2.604,
music,0.747,
in,0.204,
background.,3.89,
The,0.482,
room,0.577,
was,0.318,
"buzzing,",0.99,
instructors,9.094,
shout,3.346,
for,1.13,
motivation,1.574,
as,0.186,
we,0.458,
push,0.669,
through,2.737,
the,0.34,
workout.,1.246,
When,128.945,
I,0.509,
went,0.771,
to,0.204,
the,0.406,
pawn,1.231,
shop,1.177,
it,0.246,
was,0.749,
so,0.278,
"crowded,",3.791,
items,2.814,
were,1.184,
everywhere,2.39,
and,0.4,
a,4.071,
lot,0.464,
of,0.179,
people,0.836,
wee,0.417,
negotiating,2.012,
deals.,0.913,
When,0.427,
I,1.189,
was,0.552,
a,0.925,
"kid,",0.681,
I,0.433,
loved,0.657,
fishing;,4.735,
I,0.358,
remember,1.881,
sitting,0.834,
by,2.104,
the,0.308,
calm,0.422,
water,0.653,
at,0.223,
the,0.274,
lake,0.838,
from,1.568,
my,5.252,
village,1.009,
and,0.573,
the,1.051,
only,0.562,
sound,0.782,
was,1.786,
the,0.32,
gentle,0.735,
ripple,0.886,
of,0.184,
the,0.302,
lake.,2.797,
Last,6.316,
Thursday,2.131,
I,0.439,
attended,1.242,
a,0.165,
chess,1.623,
tournament,1.496,
and,0.916,
the,0.947,
atmosphere,10.313,
was,0.482,
so,0.186,
"quiet,",16.39,
and,0.282,
the,0.337,
players,2.081,
were,1.24,
focused,1.014,
on,0.199,
their,0.52,
moves,0.649,
while,0.665,
spectators,3.709,
were,0.878,
watching,1.856,
calmly.,2.805,
When,0.38,
I,0.394,
visited,1.146,
the,0.424,
"vineyard,",2.485,
I,0.947,
filled,0.78,
a,0.341,
basket,0.734,
with,0.512,
ripe,0.597,
grapes,0.852,
as,2.124,
workers,0.963,
taught,1.958,
me;,2.971,
the,0.614,
air,0.398,
was,2.898,
smelling,0.945,
so,0.886,
sweet,0.819,
and,5.21,
it,0.331,
was,0.289,
such,0.56,
a,0.115,
nice,0.422,
evening.,1.072,
I,0,
went,0.394,
to,0.235,
search,0.768,
a,0.092,
vintage,1.789,
outfit,1.703,
piece,0.694,
for,0.299,
my,0.883,
Halloween,1.434,
party,0.88,
at,0.693,
a,0.487,
flea,0.355,
market;,1.229,
it,0.235,
was,1.309,
full,0.557,
of,0.299,
people,1.166,
searching,1.377,
for,0.252,
different,1.839,
things.,4.126,
The,0.33,
kids,0.436,
were,0.502,
having,0.613,
so,0.152,
much,0.535,
"fun,",0.579,
the,0.325,
room,0.537,
was,0.495,
full,0.555,
of,1.616,
laughter,1.298,
and,1.533,
colorful,1.357,
costumes,0.992,
were,1.497,
thrown,0.741,
everywhere.,2.699,
I,0,
watch,1.92,
as,0.125,
papers,0.748,
pile,0.709,
up,0.51,
and,0.406,
orders,1.305,
were,1.487,
printed,0.675,
quickly,4.083,
while,0.811,
I,0.497,
was,0.252,
waiting,1.977,
for,1.306,
my,0.74,
order,0.568,
too.,0.577,
I,0,
was,0.358,
moving,0.687,
slowly,0.998,
through,3.671,
the,0.42,
art,0.414,
gallery,2.207,
when,4.346,
I,0.512,
saw,0.265,
the,0.295,
most,0.497,
beautiful,1.177,
painting,7.833,
of,0.297,
a,0.162,
tree.,0.652,
When,0.397,
I,0.516,
was,0.384,
working,12.323,
part-time,1.264,
during,0.53,
the,0.363,
"summer,",5.971,
the,0.982,
holiday,1.44,
sale,0.529,
was,0.718,
the,0.635,
main,0.488,
event;,1.834,
everybody,3.316,
wanted,4.41,
to,4.052,
get,4.464,
the,0.431,
best,0.569,
deals,0.495,
available.,3.335,
The,0.3,
artisans,1.096,
showcased,2.393,
their,1.007,
work,1.132,
and,0.522,
I,9.691,
saw,0.328,
a,0.115,
nice,0.547,
black,9.35,
bracelet,0.983,
which,1.897,
I,0.416,
bought,0.777,
for,0.296,
my,0.33,
girlfriend;,3.55,
she,0.413,
was,0.82,
so,0.163,
happy.,3.072,
I,0,
was,1.694,
waiting,0.851,
so,13.146,
long,0.541,
for,0.397,
my,0.459,
laundry,0.961,
on,16.227,
Saturday;,2.701,
the,2.962,
room,0.498,
was,1.507,
full,1.679,
of,0.217,
people,0.977,
waiting.,1.679,
Last,1.058,
"Friday,",1.208,
during,0.987,
lunch,2.462,
I,2.52,
went,11.727,
to,1.411,
get,0.337,
a,0.106,
burger,12.469,
from,6.674,
a,0.108,
pub,4.636,
with,0.706,
an,2.431,
open,1.036,
kitchen;,3.164,
the,0.918,
grill,2.006,
was,1.247,
sizzling,0.933,
and,0.382,
the,0.293,
smell,0.961,
of,1.98,
fresh,1.103,
patties,1.119,
filled,0.861,
the,0.339,
air.,2.944,
I,0,
wander,0.671,
along,0.768,
old,1.772,
stone,0.465,
paths,1.019,
surrounded,1.259,
by,0.621,
peaceful,4.041,
gardens.,1.06,
I,0,
stand,0.53,
among,0.964,
a,0.093,
"crowd,",1.132,
luggage,0.945,
"everywhere,",15.829,
announcements,2.238,
"echo,",1.307,
and,0.258,
people,1.136,
chatting,0.971,
excitedly,2.001,
made,11.427,
me,0.296,
anxious.,0.993,
I,0,
went,0.92,
to,0.185,
a,0.263,
nice,0.47,
rooftop,1.461,
restaurant,2.013,
and,0.381,
I,3.121,
enjoyed,2.042,
watching,1.126,
the,0.361,
city,1.982,
lights,1.127,
sparkling;,7.196,
the,0.406,
waiters,8.898,
weave,1.292,
through,6.696,
tables,2.505,
and,9.934,
the,0.319,
atmosphere,7.084,
hums,4.453,
with,0.698,
energy.,0.802,
I,0,
see,0.456,
so,0.479,
many,1.699,
cars,0.575,
pull,0.71,
in,0.243,
and,0.244,
out,1.168,
at,0.643,
the,0.308,
local,0.503,
car,0.354,
wash;,6.709,
workers,3.424,
scrub,1.253,
exhausted,3.214,
the,0.44,
cars,1.692,
while,0.709,
the,0.322,
owners,0.856,
were,0.753,
waiting.,8.601,
I,0,
move,0.5,
with,0.632,
the,0.273,
"beat,",0.583,
the,0.572,
room,0.634,
filled,0.799,
with,0.397,
energy,0.888,
and,0.353,
music,1.385,
was,0.57,
blasting;,1.968,
everyone,1.263,
dances,2.094,
and,0.348,
the,0.337,
instructor,2.437,
was,0.477,
leading,0.746,
us,2.797,
with,2.234,
enthusiasm.,2.482,
I,0,
watch,6.736,
as,0.724,
fabrics,0.868,
are,0.469,
"measured,",1.685,
dresses,1.035,
are,0.289,
"pinned,",1.39,
and,0.307,
the,0.311,
shop,1.018,
buzzes,0.883,
with,0.51,
final,0.401,
touches,1.537,
for,1.704,
the,0.331,
evening,0.841,
gowns.,1.61,
The,0.361,
sun,0.364,
is,0.214,
shinningwith,16.67,
beautiful,3.188,
colors,0.587,
of,0.198,
red,1.104,
and,0.335,
yellow,1.54,
while,1.208,
everyone,5.739,
is,0.319,
trying,0.987,
to,0.383,
have,2.199,
a,0.049,
bread,0.944,
from,6.44,
the,2.768,
most,1.183,
known,0.681,
bakery,1.289,
in,0.273,
the,0.301,
town.,1.077,
I,0,
was,0.411,
in,10.164,
a,0.096,
forest,0.721,
with,1.22,
my,0.405,
friends,3.436,
in,5.989,
a,0.146,
cold,5.142,
winter,1.161,
standing,1.447,
by,0.47,
the,0.298,
fireplace.,2.417,
The,2.184,
snow,0.63,
starting,0.999,
slow,0.513,
to,0.208,
fall,14.232,
and,0.315,
everything,1.339,
around,0.807,
us,0.188,
was,0.677,
"white,",1.915,
but,0.343,
in,0.194,
the,0.315,
middle,1.015,
of,0.199,
the,0.736,
circle,1.066,
trhathat,2.829,
we,0.287,
formed,1.062,
everything,1.751,
was,0.414,
beautiful.a,3.964,
It,2.782,
was,0.889,
a,0.53,
very,1.175,
important,1.253,
day,0.976,
for,0.335,
our,0.943,
country,0.859,
so,0.217,
to,0.547,
honor,2.046,
this,0.325,
"day,",0.67,
the,1.617,
government,26.591,
decide,0.71,
to,0.32,
schedule,3.492,
a,0.302,
street,1.583,
festival.,5.035,
The,5.079,
scene,0.57,
was,0.394,
very,0.776,
"impressive,",1.619,
with,0.473,
a,0.095,
lot,0.385,
of,0.292,
mascots,8.938,
walking,3.124,
on,0.294,
the,0.308,
road,1.533,
while,0.649,
the,0.553,
crowd,0.832,
screamed,26.698,
with,0.381,
happniess.,4.483,
It,8.227,
was,0.389,
a,0.129,
beatufiubeautiful,3.793,
morning,5.42,
at,0.872,
the,0.323,
"beach,",2.151,
with,0.4,
a,0.104,
beautiful,1.453,
sun,0.368,
full,0.795,
of,0.197,
colors,1.567,
combined,1.142,
with,0.373,
red,1.202,
and,0.412,
"yellow,",1.106,
and,1.144,
while,1.164,
looking,1.135,
at,0.324,
the,0.312,
never,2.759,
ending,0.844,
sea,35.401,
fishing,2.117,
boat,0.543,
was,1.085,
spotted,1.898,
rapidly,5.344,
going,1.866,
to,0.242,
the,0.344,
place,0.597,
where,0.576,
the,0.74,
fishing,1.105,
will,0.614,
take,0.366,
place,0.51,
thorugh,15.539,
tall,0.87,
waves.,1.889,
At,0.166,
around,0.748,
4000,0.804,
meters,0.61,
above,2.074,
the,0.291,
sea,0.537,
the,0.759,
curvature,15.395,
of,0.224,
the,0.293,
earth,0.955,
can,0.929,
be,0.256,
"spotted,",1.702,
with,0.444,
clouds,2.656,
lower,1.646,
than,0.476,
your,0.529,
"position,",2.767,
with,0.421,
a,0.13,
big,0.882,
and,0.361,
shining,5.884,
sun,1.156,
above,8.398,
your,1.526,
head.,0.565,
At,0.381,
such,0.479,
an,0.362,
"altitude,",10.179,
everything,1.264,
around,1.071,
you,0.493,
is,0.214,
"white,",2.61,
a,0.165,
lot,0.415,
of,0.414,
ice,1.188,
that,1.361,
can,0.275,
make,2.868,
you,1.101,
"fall,",1.394,
with,0.561,
very,1.442,
little,9.407,
vegatation,2.395,
or,0.364,
none.,0.637,
The,0.474,
butterfly,10.174,
around,1.525,
me,0.792,
create,4.874,
a,0.102,
beautiful,2.459,
mosaic,0.941,
full,0.641,
of,0.572,
"colors,",3.566,
starting,0.943,
with,0.446,
"red,",1.9,
"blue,",0.662,
"yellow,",1.843,
even,0.431,
"green,",1.705,
this,0.349,
beautifulview,3.465,
creates,5.543,
an,2.611,
overwhelming,2.418,
feeling,10.627,
of,0.194,
happiness,3.155,
and,0.295,
reassurance.,19.789,
A,0,
lot,0.432,
of,0.316,
voices,0.783,
coming,1.083,
from,0.578,
every,0.582,
"directions,",2.104,
with,0.425,
a,0.109,
lot,0.579,
of,0.239,
different,3.345,
people,0.768,
around,0.775,
you,0.585,
wearning,1.993,
a,8.959,
diverse,1.449,
pallet,8.819,
of,0.239,
colors,1.009,
for,0.292,
clothes.,17.814,
The,0.717,
train,1.276,
is,0.192,
arriving,1.174,
in,0.194,
the,0.299,
station,1.021,
while,0.614,
everyone,4.327,
is,0.184,
trying,0.889,
to,0.789,
get,0.345,
a,0.137,
place,1.419,
or,0.183,
a,0.363,
seat,0.61,
in,0.286,
it,0.548,
to,0.208,
arrive,1.554,
at,1.128,
home,0.706,
as,0.204,
soon,0.811,
as,0.194,
possible.,1.344,
The,0.777,
light,1.406,
pollution,1.608,
was,0.338,
very,0.577,
low,1.553,
that,0.768,
the,0.319,
stars,1.894,
shined,2.423,
more,0.461,
than,1.199,
"ever,",1.915,
with,0.757,
a,0.128,
lot,0.386,
of,0.184,
shooting,1.048,
stars,0.85,
and,0.411,
the,0.306,
silence,4.303,
of,0.204,
forest,0.748,
that,0.645,
was,0.39,
fulfilled,2.1,
with,0.477,
the,0.36,
sound,8.369,
of,0.189,
night,4.801,
birds,0.742,
such,0.431,
as,0.18,
owl.,2.657,
The,5.062,
sight,0.683,
was,0.445,
very,1.109,
"interesting,",2.905,
with,1.352,
a,0.139,
very,1.545,
old,1.461,
knight,2.248,
armor,0.639,
in,0.203,
the,0.307,
"left,",1.158,
a,0.205,
rusty,11.892,
broken,3.896,
helmet,2.393,
in,0.251,
the,0.284,
middle,0.691,
of,0.215,
the,0.428,
"view,",0.783,
with,0.418,
few,0.832,
papyrus,12.19,
describing,3.122,
certains,1.573,
event,1.494,
in,0.244,
the,0.619,
right.,2.702,
The,7.362,
castle,1.019,
was,0.439,
"big,",2.122,
"rusty,",2.708,
few,2.745,
broken,0.946,
walls,1.389,
and,6.758,
a,0.089,
lot,0.41,
of,0.236,
dust.,0.853,
Every,2.028,
lighitning,2.462,
produces,1.135,
by,0.401,
the,0.291,
storm,0.779,
lighted,9.014,
the,0.331,
whole,1.426,
"sky,",0.647,
with,3.474,
a,1.582,
beautiful,7.343,
view,0.454,
of,0.315,
the,0.298,
branches,10.443,
of,0.196,
the,0.288,
lightning,15.95,
After,2.053,
some,0.545,
time,0.671,
it,1.249,
can,0.259,
be,1.444,
heard,0.819,
the,0.311,
frightening,12.609,
sound,1.652,
of,0.575,
thunder,9.586,
and,0.32,
then,0.51,
again,0.814,
the,0.33,
overwhelming,3.865,
sound,1.353,
of,0.895,
silence.,2.764,
The,0.275,
trees,0.663,
were,0.921,
full,1.878,
of,0.179,
orange,2.018,
and,0.292,
brown,0.672,
"colors,",2.742,
while,0.644,
leafs,3.983,
falled,1.53,
on,0.377,
the,0.288,
cars,0.697,
and,1.704,
covering,1.236,
them,0.569,
like,0.615,
a,0.067,
clothe.,3.242,
A,0,
very,0.541,
big,0.416,
"bookstore,",2.446,
while,1.037,
at,0.257,
least,0.93,
one,1.11,
hundred,1.637,
"rows,",7.301,
each,0.399,
dedicated,1.031,
to,0.205,
a,0.104,
specific,1.651,
topic.,0.814,
The,2.901,
bookshelf,16.061,
was,1.865,
"dusty,",4.24,
with,1.223,
torn,7.659,
books,0.567,
of,2.513,
which,0.485,
cover,0.682,
turned,0.836,
to,0.293,
a,0.1,
very,0.866,
yellow,0.793,
color,0.697,
because,3.896,
of,0.184,
the,0.304,
time,0.912,
passed.,0.868,
The,1.644,
view,1.048,
was,0.478,
a,0.091,
splendit,10.987,
pallet,2.689,
of,0.561,
"colors,",2.138,
starting,1.298,
from,0.687,
"red,",0.533,
"blue,",1.105,
"yellow,",0.986,
but,0.493,
the,1.204,
main,0.405,
interesting,1.616,
color,0.687,
being,0.638,
purple.,3.691,
Every,1.121,
plant,0.856,
contains,0.852,
at,0.58,
least,0.684,
four,1.618,
times,0.76,
of,0.171,
different,1.229,
"colors,",1.685,
with,0.427,
beautiful,1.617,
flowers,1.54,
and,0.393,
interesting,1.516,
shape,0.585,
of,0.239,
leaf,0.531,
for,0.329,
each,0.434,
plant.,0.737,
From,0.406,
such,0.433,
a,0.221,
high,3.707,
the,0.326,
whole,0.914,
city,0.661,
can,0.339,
be,0.253,
"viewed,",1.814,
the,0.375,
whole,8.646,
crowd,1.309,
of,0.933,
cars,1.088,
on,0.284,
each,1.296,
"road,",1.662,
people,8.92,
walking,3.42,
on,0.203,
the,0.307,
street,0.902,
or,0.409,
standing,1.027,
in,0.622,
shorter,2.551,
building,2.446,
on,0.349,
balcony.,7.118,
The,7.728,
dominant,1.348,
colors,0.778,
of,0.169,
the,0.274,
workshop,0.908,
were,0.522,
brown,0.789,
and,0.41,
"yellow,",1.791,
with,0.481,
a,0.119,
lot,0.867,
of,0.549,
dust,0.584,
over,0.723,
the,0.312,
"place,",1.304,
but,0.417,
people,0.781,
standing,1.087,
in,0.274,
a,0.073,
very,0.535,
long,0.64,
queue,2.872,
waiting,2.9,
to,0.314,
buy,0.769,
what,0.986,
they,0.885,
want.,3.042,
,0,
A,0.681,
beautiful,1.153,
"greenfield,",3.077,
with,0.49,
people,0.754,
standing,0.803,
on,0.229,
towels,10.456,
for,0.294,
yoga,0.802,
with,0.398,
a,0.129,
least,0.61,
2,0.144,
meters,1.299,
distance,0.89,
between,0.886,
each,3.576,
another.,3.316,
Trees,3.389,
around,0.908,
them,0.404,
felt,11.129,
like,1.462,
a,0.087,
background,2.597,
covering,0.896,
the,0.408,
relaxing,1.387,
session,0.979,
of,0.178,
yoga.,1.778,
The,0.314,
beautiful,1.118,
sunset,2.138,
was,0.367,
dominant,1.24,
of,0.192,
color,3.22,
red,0.356,
and,0.3,
"yellow,",1.048,
with,0.977,
a,0.117,
very,0.911,
big,1.242,
sun,0.605,
standing,1.585,
just,1.236,
above,0.853,
the,0.264,
skyline,11.854,
and,0.406,
a,0.102,
never,12.391,
ending,0.986,
sea,0.742,
while,3.223,
the,0.329,
sound,0.821,
of,0.216,
the,0.474,
music,3.637,
at,0.331,
the,0.308,
party,1.251,
covered,1.664,
everything,1.911,
in,0.196,
a,0.104,
relaxing,3.579,
feeling.,1.471,
The,0.644,
table,0.584,
was,0.357,
full,0.53,
of,0.189,
different,1.315,
types,2.65,
of,0.162,
"food,",9.636,
starting,1.479,
with,0.395,
"eggs,",1.467,
"cheese,",1.71,
"olive,",9.433,
but,0.429,
also,1.254,
the,0.992,
essential,15.733,
milk,1.822,
with,0.38,
cereal.,0.722,
A,0,
vibrant,1.293,
carnival,1.435,
with,0.491,
flashing,1.309,
"lights,",1.153,
lively,0.851,
music,1.068,
creating,2.885,
an,0.296,
electric,0.916,
atmosphere,1.54,
of,0.196,
fun,0.413,
and,0.304,
excitement.,2.375,
Everyone,0.942,
standing,0.821,
on,0.703,
a,2.293,
"table,",1.402,
reading,0.773,
their,0.545,
favorite,1.969,
"books,",0.891,
some,0.95,
of,0.175,
the,0.269,
studying,1.544,
for,0.34,
the,0.637,
upcoming,1.297,
exams,2.046,
and,0.37,
the,0.303,
beautiful,1.026,
sound,0.596,
of,0.168,
silence,0.932,
covering,2.017,
the,0.291,
atmosphere,1.678,
making,0.787,
you're,7.958,
imagination,1.685,
going,2.306,
wild.,0.54,
Shoppers,1.148,
weave,1.779,
through,1.946,
colorful,1.008,
"stalls,",1.304,
haggling,1.836,
over,0.418,
unique,0.799,
finds,0.804,
as,0.189,
music,0.53,
and,0.319,
chatter,0.737,
fill,0.496,
the,0.276,
air.,1.442,
The,0.414,
white,1.27,
color,0.602,
produced,0.824,
by,0.276,
the,0.285,
fallen,1.331,
snow,0.491,
is,0.192,
combined,1.516,
with,0.444,
a,0.117,
shade,7.157,
of,0.665,
yellow,1.372,
coming,0.893,
from,0.72,
the,0.26,
street,0.761,
lamps.,1.102,
The,5.665,
path,1.666,
were,0.567,
people,0.878,
used,0.817,
to,0.94,
walk,0.969,
is,0.253,
darker,1.648,
and,0.41,
stands,9.056,
out,1.068,
from,0.449,
the,0.307,
view.,8.257,
Children,1.564,
alongside,1.355,
with,0.334,
their,1.163,
parents,1.157,
having,0.951,
fun,0.861,
and,0.509,
playing,1.622,
toghethetogheter.,9.01,
The,1.235,
sand,0.413,
in,0.234,
the,0.312,
playground,2.36,
is,0.177,
all,0.313,
over,0.445,
the,0.297,
"place,",0.602,
while,0.641,
the,0.28,
trees,1.324,
around,1.496,
create,4.591,
a,0.124,
background,3.105,
and,0.269,
shelter,1.63,
feeling.,2.942,
The,0.243,
view,0.396,
is,0.268,
composed,1.044,
from,0.597,
green,5.3,
and,0.282,
brown,0.931,
as,0.253,
main,0.774,
"colors,",1.109,
the,0.307,
closer,17.049,
trees,0.892,
combined,2.763,
with,0.466,
the,0.272,
mountains,1.09,
and,0.282,
rocks,0.519,
in,0.221,
the,0.31,
distance,0.718,
create,0.795,
a,0.1,
beautiful,9.697,
picture,1.112,
that,4.727,
cannot,2.021,
be,0.387,
forgotten.,2.352,
The,0.311,
view,0.474,
is,0.27,
full,0.571,
of,0.19,
"green,",2.877,
coming,0.843,
from,1.13,
the,0.282,
immense,3.973,
number,0.71,
of,0.198,
"trees,",3.153,
while,0.632,
in,0.615,
some,0.419,
points,0.808,
can,0.276,
be,0.226,
oversed,0.958,
a,0.166,
point,7.049,
of,0.607,
"red,",2.246,
that,0.406,
is,0.173,
a,0.116,
apple,2.864,
ready,1.11,
to,0.241,
be,0.296,
picked,1.925,
by,0.374,
the,0.282,
people,2.11,
in,0.298,
the,0.294,
orchard.,1.26,
Scaffolding,17.547,
frames,0.894,
the,0.555,
evolving,1.95,
mural,0.565,
as,0.189,
passerby,1.719,
pause,0.597,
to,0.293,
admire,0.795,
the,0.342,
vibrant,1.999,
shapes,1.025,
and,0.303,
figures,0.977,
taking,0.972,
form.,1.384,
A,0,
car,1.045,
standing,1.177,
in,0.134,
the,0.264,
middle,0.736,
of,0.171,
the,0.631,
"garage,",0.94,
with,0.534,
table,0.676,
"around,",7.582,
placed,0.726,
next,8.173,
to,0.263,
the,0.262,
wall.,0.757,
On,6.14,
each,0.402,
table,1.094,
is,0.179,
a,1.374,
lot,1.636,
of,0.152,
"tools,",1.66,
of,0.546,
different,1.084,
"sizes,",3.467,
used,0.969,
to,0.201,
repair,0.928,
the,1.287,
broken,0.813,
"car,",2.003,
while,0.633,
a,0.154,
man,2.068,
is,0.212,
under,9.404,
the,0.303,
car.,0.76,
People,0.719,
standing,1.139,
on,0.604,
towels,1.258,
used,0.611,
for,0.258,
"yoga,",2.186,
with,0.431,
a,0.127,
distance,0.88,
of,0.881,
at,0.798,
least,1.09,
2,0.14,
meters,0.658,
between,1.455,
each,0.499,
"another,",1.764,
while,0.958,
they,1.035,
stretching.,12.887,
The,0.291,
clink,1.401,
of,0.2,
"glasses,",1.258,
"laughter,",3.029,
and,0.306,
Spanish,1.129,
guitar,1.91,
music,0.633,
fill,0.511,
the,0.302,
"air,",0.699,
while,0.652,
servers,1.002,
weave,1.466,
through,1.514,
crowded,0.967,
tables,0.928,
with,1.347,
fresh,0.8,
sangria,1.71,
and,0.413,
steaming,0.959,
dishes.,0.973,
The,0.256,
waves,0.909,
were,0.567,
hitting,0.986,
the,0.365,
"boat,",2.633,
while,0.711,
the,0.33,
sun,0.49,
is,0.219,
shinning,1.861,
brighter,1.509,
than,0.663,
"ever,",4.266,
while,0.906,
the,0.272,
never,0.532,
ending,1.194,
sea,0.837,
around,0.696,
the,0.306,
sailboat,1.533,
creates,2.077,
a,1.898,
feeling,1.014,
of,0.198,
loneliness,3.911,
and,2.862,
insignificance,11.636,
compared,1.189,
to,0.232,
the,0.278,
big,0.49,
nature.,0.775,
A,0,
lot,0.362,
of,0.304,
people,1.976,
gather,1.202,
around,0.751,
a,0.098,
"table,",0.738,
while,0.622,
a,0.124,
single,0.747,
man,0.325,
is,0.189,
standing,1.507,
on,0.6,
it,0.229,
and,1.38,
starts,0.748,
to,0.303,
read,1.543,
"peotry,",8.591,
while,0.593,
the,0.291,
smell,13.998,
of,0.15,
coffee,1.988,
fills,0.673,
the,0.428,
room.,8.227,
At,0.167,
least,0.963,
5000,1.855,
people,4.438,
gather,1.318,
at,0.502,
the,0.311,
main,0.44,
stadiom,1.605,
in,0.283,
the,0.265,
school,1.73,
to,0.655,
their,6.061,
representative,19.179,
team,2.513,
playing,1.488,
against,1.401,
the,1.235,
rival,6.682,
high,0.606,
school.,1.124,
Everyone,5.665,
is,0.546,
chanting,14.657,
their,0.494,
favorite,1.237,
team,0.961,
while,0.625,
the,0.952,
players,1.183,
are,1.703,
trying,0.906,
to,0.206,
give,1.859,
the,0.3,
best,0.931,
on,0.238,
the,0.255,
pitch.,2.389,
Vibrant,2.377,
"blooms,",1.31,
filling,0.989,
the,0.301,
air,0.38,
with,0.448,
sweet,1.29,
fragrances.,8.425,
The,0.255,
farmer,0.889,
wlks,0.543,
among,0.68,
his,0.53,
crops,0.697,
watering,1.023,
the,0.269,
plants,0.63,
and,0.286,
pulling,1.929,
up,0.331,
harmful,1.102,
weeds.a,6.963,
A,0,
very,0.449,
warm,0.866,
fire,0.381,
in,0.19,
a,0.122,
"fireplace,",1.498,
while,0.552,
outside,1.436,
it,0.261,
is,0.306,
snowing,1.698,
and,1.13,
falling.,1.092,
A,0,
beautiful,4.719,
painting,1.06,
is,0.227,
surrouynbdsurrounded,5.917,
by,0.29,
a,0.116,
lot,0.451,
of,0.237,
people,0.855,
who,0.376,
give,0.715,
their,0.541,
opinion,1.705,
and,0.304,
admire,1.013,
the,0.373,
beauty,0.86,
of,0.239,
the,0.284,
colors,0.914,
and,0.317,
shapes,0.762,
presented.,1.382,
Veterinarians,3.652,
and,0.351,
technicians,2.52,
move,0.545,
swiftly,2.61,
between,1.222,
exam,0.981,
"rooms,",0.805,
checking,1.149,
wagging,1.034,
"tail,",0.971,
soothing,0.938,
nervous,1.175,
pets,0.843,
and,0.367,
administering,3.489,
treatments.,2.749,
A,0,
pond,0.791,
surrounded,1.389,
by,0.308,
trees,0.95,
left,1.132,
without,1.104,
"leaves,",2.127,
while,2.141,
the,0.36,
bright,2.258,
sun,0.786,
is,0.208,
reflected,1.251,
from,0.589,
the,0.34,
ice,0.506,
that,0.415,
covers,0.78,
the,0.357,
huge,2.154,
pond.,6.197,
An,0.239,
artist,1.36,
stands,0.851,
next,0.65,
to,0.241,
a,0.122,
beautiful,1.571,
"painting,",2.6,
full,0.523,
of,0.171,
colors,0.72,
like,0.702,
"purple,",2.419,
back,1.817,
and,0.354,
"white,",0.91,
while,0.924,
people,1.159,
admire,0.961,
and,0.353,
try,0.471,
to,0.282,
buy,0.78,
the,0.346,
beautiful,1.829,
painting.,2.425,
Beautiful,1.078,
"flowers,",1.866,
leafy,0.721,
greens,1.801,
and,0.334,
climbing,1.16,
vines,0.636,
thrive,1.134,
in,0.249,
raised,0.775,
"beds,",3.495,
while,0.648,
benches,1.067,
offer,0.625,
a,0.135,
peaceful,2.81,
retreat.,1.035,
The,0.355,
horses,1.116,
walk,1.241,
"slowly,",2.301,
leaving,0.876,
the,0.388,
opportunity,3.777,
to,0.225,
admire,4.27,
the,0.277,
dusty,0.687,
buildings,1.82,
and,0.311,
rooting,0.94,
wood.,0.655,
The,0.541,
scene,0.676,
is,0.229,
full,0.532,
of,0.217,
colors,1.134,
such,0.701,
as,0.285,
yellow,0.915,
and,0.26,
brown.,2.016,
Many,0.635,
people,1.028,
on,0.246,
the,0.334,
platform,1.199,
pile,0.769,
up,0.361,
as,0.356,
the,0.749,
subway,1.574,
arrives,0.942,
at,0.228,
the,0.319,
"station,",1.202,
while,0.616,
the,1.057,
background,1.227,
noise,0.854,
from,0.518,
the,0.729,
crowd,0.71,
covers,0.844,
the,0.308,
entire,0.871,
atmosphere.,2.132,
A,0,
beautiful,1.281,
car,0.373,
sits,0.638,
in,0.186,
the,0.296,
middle,0.639,
of,0.226,
the,0.319,
room,0.615,
while,0.541,
a,0.097,
crowd,0.61,
of,0.407,
people,0.681,
admires,1.078,
the,0.313,
beautiful,1.836,
shades,0.695,
of,0.241,
red,0.413,
and,0.423,
details,2.425,
that,2.416,
the,0.523,
car,0.34,
presents.,1.139,
The,3.751,
market,0.536,
overflows,1.461,
with,0.422,
energy,0.875,
as,1.001,
vendors,0.924,
call,0.64,
out,0.389,
daily,0.849,
specials,1.048,
and,0.311,
customers,1.541,
weave,1.118,
through,2.002,
rows,0.536,
of,0.229,
fresh,0.98,
"fish,",1.577,
"crabs,",1.495,
and,0.372,
oysters,1.472,
on,0.335,
ice.,0.472,
A,0,
room,0.565,
filled,0.764,
with,0.421,
interactive,1.475,
exhibits,5.332,
that,0.433,
spark,0.763,
curiosity.,1.985,
The,0.278,
light,0.691,
of,0.188,
the,0.295,
city,0.567,
covers,0.932,
the,0.289,
"atmosphere,",2.358,
while,0.604,
the,1.014,
silence,0.924,
of,0.916,
night,0.62,
creates,0.929,
a,0.133,
felling,1.184,
of,0.25,
peace,0.576,
and,0.309,
reconciliation.,3.313,
Kites,1.095,
of,0.213,
all,0.313,
shapes,1.125,
and,0.281,
colors,1.821,
soar,0.874,
high,0.889,
in,0.3,
the,0.292,
"sky,",1.065,
dancing,0.973,
with,0.455,
the,0.332,
breeze.,1.226,
The,0.254,
room,0.438,
is,0.208,
full,0.619,
of,0.268,
materials,1.483,
of,0.175,
all,0.298,
types,0.762,
and,0.312,
"colors,",1.222,
while,0.651,
at,0.244,
a,0.105,
counter,0.907,
sits,0.413,
an,0.338,
old,0.5,
woman,0.992,
with,0.64,
a,0.083,
smile,0.846,
on,0.313,
her,0.578,
"face,",0.779,
waiting,2.285,
for,0.61,
any,1.112,
customer.,1.022,
People,0.949,
are,0.45,
running,0.868,
around,13.204,
to,0.218,
make,0.443,
the,0.26,
last,0.916,
possible,1.845,
arrangements,3.523,
to,0.233,
make,1.325,
the,0.284,
festival,1.339,
"perfect,",2.798,
while,0.988,
the,0.352,
main,1.075,
artist,0.86,
is,0.228,
being,0.643,
arranged,2.27,
for,0.337,
the,0.329,
show.,1.01,
Generations,1.654,
gather,1.289,
on,0.366,
picnic,1.118,
"blankets,",3.654,
sharing,1.585,
stories,1.403,
and,0.696,
enjoying,2.356,
homemade,1.905,
dishes.,1.267,
The,0.303,
cooks,0.543,
and,0.338,
waiters,1.278,
run,0.363,
from,0.703,
one,0.545,
place,0.828,
to,0.201,
another,1.914,
in,0.217,
the,0.597,
full,0.556,
kitchen,1.303,
to,0.217,
serve,0.683,
the,0.299,
orders,1.034,
as,0.21,
quickly,1.098,
as,0.246,
"possible,",1.767,
while,0.634,
the,0.724,
smell,0.922,
of,0.706,
different,1.312,
foods,0.729,
covers,0.941,
the,0.427,
atmosphere.,2.365,
The,0.273,
sun,0.293,
has,0.486,
just,0.446,
"risen,",0.877,
the,0.305,
lake,0.69,
is,0.23,
surrounded,2.937,
by,0.322,
green,0.646,
trees,0.814,
while,0.678,
insects,0.939,
fly,0.434,
over,0.576,
the,0.313,
lake.,0.634,
Full,1.466,
of,0.329,
color,1.182,
and,0.299,
"creativity,",2.8,
mural,0.593,
decorate,0.884,
"walls,",1.427,
galleries,1.412,
showcase,1.656,
unique,0.943,
art.,0.451,
A,0,
lot,0.33,
of,0.402,
people,3.729,
with,0.489,
a,0.115,
lot,0.624,
of,0.226,
luaggage,2.2,
behind,1.119,
them,0.489,
pile,1.737,
up,1.607,
at,0.318,
each,0.887,
terminal,1.103,
to,0.248,
get,0.547,
on,0.441,
the,0.337,
plane,0.662,
as,0.243,
quickly,1.431,
as,0.235,
possible.,1.753,
The,0.292,
loud,0.59,
noise,0.841,
of,0.265,
the,0.29,
cars,0.859,
creates,0.98,
a,0.121,
remarkable,2.213,
adrenaline,1.565,
"rush,",1.024,
while,0.587,
the,0.304,
drivers,0.902,
give,0.854,
their,0.525,
best,0.655,
to,0.268,
emerge,0.702,
victorious.,3.148,
The,0.329,
dark,0.584,
room,0.472,
lights,1.073,
up,0.648,
with,0.447,
images,1.696,
of,0.204,
"planets,",1.077,
"galaxies,",3.573,
and,0.308,
constellations,2.651,
as,0.244,
guide,0.846,
explains,1.02,
the,0.282,
wonders,0.912,
of,0.19,
space.,0.504,
The,0.452,
vineyard,2.637,
is,0.258,
divided,1.367,
into,0.481,
many,0.502,
"rows,",0.885,
while,0.666,
two,0.367,
people,0.722,
are,0.297,
placed,0.987,
to,0.25,
pick,0.716,
in,2.465,
each,0.38,
row.,0.443,
The,0.683,
atmosphere,1.42,
is,0.298,
"calm,",0.775,
with,0.413,
yellow,0.871,
and,0.359,
brown,2.004,
autumn,2.295,
colors,0.779,
predominating.,4.194,
Crows,0.637,
line,0.761,
the,0.267,
"sidewalks,",1.429,
waving,1.163,
flags,3.241,
and,0.326,
cheering,1.541,
as,0.234,
colorful,0.998,
"floats,",2.681,
"dancers,",0.894,
and,0.339,
performers,2.151,
pass,0.461,
by.,0.553,
A,0,
child,0.66,
stands,0.704,
in,0.133,
the,0.27,
middle,0.667,
of,0.168,
the,0.283,
room,0.572,
with,0.379,
a,0.085,
party,0.974,
hat,0.878,
on,0.372,
his,0.67,
head,0.374,
and,0.385,
a,0.076,
cake,0.584,
in,0.294,
his,0.574,
"hand,",0.603,
while,0.594,
people,1.036,
stand,0.616,
around,0.852,
him,0.741,
and,0.732,
sign,0.629,
happy,0.753,
birthday,2.148,
to,0.651,
him.,0.554,
The,0.316,
vey,0.388,
tall,0.749,
trees,0.84,
create,0.698,
the,0.337,
atmosphere,1.523,
of,0.215,
a,0.108,
green,0.864,
"bunker,",2.353,
while,0.705,
the,0.307,
path,1.253,
on,0.249,
which,0.579,
the,0.271,
bike,1.636,
goes,12.377,
is,0.226,
full,0.705,
of,0.201,
brown,0.761,
colored,0.844,
leaves,0.756,
and,0.309,
the,0.338,
vegatation,3.162,
next,2.382,
to,0.238,
it,0.254,
creates,0.879,
a,0.121,
remarkable,3.154,
background.,2.288,
Plus,0.729,
"lounges,",3.017,
sparkling,2.245,
"chandeliers,",4.198,
and,0.322,
large,0.783,
windows,0.999,
offer,0.554,
stunning,1.149,
ocean,0.532,
views.,0.754,
The,0.239,
flowers,1.474,
placed,0.634,
in,0.236,
fron,0.654,
of,0.242,
the,0.281,
store,0.87,
attract,1.298,
a,0.105,
lot,0.442,
of,0.28,
men,3.254,
fascinated,2.652,
by,0.269,
the,0.33,
colors,0.705,
and,0.537,
shapes,0.793,
of,0.753,
these,0.688,
flowers.,1.333,
The,0.288,
rain,0.324,
outside,0.799,
creates,0.861,
a,0.135,
deafening,1.487,
silence,2.769,
"inside,",0.72,
while,0.641,
the,0.228,
atmosphere,1.883,
of,1.851,
the,0.267,
room,0.518,
is,0.175,
covered,1.078,
by,0.419,
the,0.291,
smell,0.675,
of,0.198,
teas.,0.552,
Workers,1.312,
in,0.261,
overalls,1.926,
and,0.37,
yellow,2.108,
caps,0.751,
on,0.305,
their,0.604,
heads,1.35,
operate,1.741,
the,0.382,
gigantic,1.997,
machines,1.089,
used,0.712,
for,0.29,
the,0.373,
construction,1.924,
of,0.22,
building.,2.521,
Soft,0.433,
sunlight,1.235,
filters,1.084,
through,1.786,
tall,0.477,
"windows,",1.425,
casting,0.835,
a,0.114,
gentle,2.154,
glow,0.682,
on,0.622,
"simple,",0.851,
wooden,1.279,
benches.,1.015,
The,0.288,
air,0.296,
is,0.22,
filled,1.548,
with,0.435,
the,0.286,
scent,0.62,
of,0.19,
fresh,0.689,
herbs,1.857,
and,0.354,
"incense,",2.518,
while,0.655,
merchants,1.385,
call,0.458,
out,0.526,
to,0.277,
passerby.,1.501,
A,0,
beautiful,1.842,
bride,1.027,
sits,0.952,
next,1.728,
to,0.267,
the,0.506,
"brides,",2.681,
while,0.678,
in,0.392,
the,0.33,
middle,0.641,
of,0.196,
them,0.517,
stands,0.679,
the,0.309,
priest,1.057,
chosen,1.704,
to,0.29,
marry,2.395,
the,0.284,
"two,",1.492,
the,0.369,
people,1.716,
stand,0.584,
by,0.266,
them,0.435,
patiently.,4.373,
Children,1.451,
and,0.292,
teenagers,2.684,
gathered,1.442,
to,0.245,
have,0.715,
fun,0.717,
on,0.276,
the,0.301,
beautiful,1.58,
skate,0.541,
park,2,
during,0.627,
a,0.177,
beautiful,1.152,
summer,1.463,
day.,0.903,
The,0.284,
air,0.642,
smells,1.404,
of,0.209,
cotton,0.921,
candy,1.236,
and,0.336,
sizzling,1.302,
food,1.365,
from,0.503,
stalls,0.642,
offering,0.992,
corn,0.607,
"dogs,",4.501,
funnel,1.04,
"cakes,",2.459,
and,0.312,
roasted,1.184,
nuts.,1.025,
As,0.187,
the,0.373,
sun,0.322,
"rises,",1.362,
the,0.255,
sky,0.484,
glows,0.656,
in,0.218,
soft,0.474,
oranges,0.939,
and,0.354,
pinks.,0.934,
